{"stats":{"minecraft:dropped":{"cgm:shotgun":1},"minecraft:used":{"alexsmobs:spawn_egg_tiger":2,"alexsmobs:animal_dictionary":1,"cgm:shotgun":24},"minecraft:custom":{"minecraft:jump":17,"minecraft:time_since_rest":11543,"minecraft:deaths":2,"minecraft:damage_dealt":20,"minecraft:crouch_one_cm":6,"minecraft:play_one_minute":41369,"minecraft:leave_game":2,"minecraft:damage_taken":940,"minecraft:time_since_death":11484,"minecraft:walk_one_cm":23685,"minecraft:sneak_time":80,"minecraft:walk_under_water_one_cm":5164,"minecraft:mob_kills":1,"minecraft:fly_one_cm":67832,"minecraft:drop":1,"minecraft:walk_on_water_one_cm":495},"minecraft:killed":{"alexsmobs:tiger":1},"minecraft:picked_up":{"cgm:shotgun":1},"minecraft:killed_by":{"alexsmobs:tiger":2}},"DataVersion":2586}